"sep=	"
2015/06/25 15:41:24.434	-0.0659912903298486	-0.549927419415405	-1.49399954009051	-2.9162380595491	
2015/06/25 15:41:24.435	-0.0631064251788169	-0.559303231156258	-1.49147528308335	-2.88991366504594	
2015/06/25 15:41:24.436	-0.0609427763155432	-0.56182748816341	-1.49616318895378	-2.86683474383768	
2015/06/25 15:41:24.437	-0.0638276414665748	-0.556418366005226	-1.4958025808099	-2.87080143342035	
2015/06/25 15:41:24.438	-0.0620246007471801	-0.5585820148685	-1.50121170296809	-2.84267399819779	
2015/06/25 15:41:24.439	-0.062385208891059	-0.561466880019531	-1.4958025808099	-2.83690426789573	
2015/06/25 15:41:24.440	-0.0613033844594222	-0.560024447444016	-1.49940866224869	-2.86503170311829	
2015/06/25 15:41:24.441	-0.0670731147614854	-0.555697149717468	-1.50337535183136	-2.96636259154827	
2015/06/25 15:41:24.442	-0.062745817034938	-0.553172892710315	-1.50085109482421	-3.01576590725969	
2015/06/25 15:41:24.443	-0.0641882496104538	-0.557500190436863	-1.49976927039257	-3.03595996331691	
2015/06/25 15:41:24.444	-0.062385208891059	-0.556418366005226	-1.49472075637826	-3.1423393657612	
2015/06/25 15:41:24.445	-0.0598609518839064	-0.557139582292984	-1.49724501338542	-3.19787301991856	
2015/06/25 15:41:24.446	-0.05517304601348	-0.557139582292984	-1.49399954009051	-3.20905187237881	
2015/06/25 15:41:24.447	-0.0649094658982117	-0.553894108998073	-1.49291771565887	-3.21013369681045	
2015/06/25 15:41:24.448	-0.0591397355961484	-0.559303231156258	-1.4976056215293	-3.24222782161567	
2015/06/25 15:41:24.449	-0.0652700740420907	-0.5517304601348	-1.4958025808099	-3.23790052388913	
2015/06/25 15:41:24.450	-0.0652700740420907	-0.559663839300137	-1.49472075637826	-3.24114599718404	
2015/06/25 15:41:24.451	-0.0638276414665748	-0.558942623012379	-1.49544197266602	-3.16686071954497	
2015/06/25 15:41:24.452	-0.0663518984737275	-0.558942623012379	-1.49544197266602	-3.07490564285584	
2015/06/25 15:41:24.453	-0.0674337229053644	-0.562548704451168	-1.49291771565887	-3.06048131710068	
2015/06/25 15:41:24.454	-0.0634670333226959	-0.558221406724621	-1.49219649937111	-2.98691725574938	
2015/06/25 15:41:24.455	-0.0667125066176065	-0.562909312595047	-1.49904805410481	-2.90902589667152	
2015/06/25 15:41:24.456	-0.0584185193083905	-0.556057757861347	-1.49508136452214	-2.89496217906024	
2015/06/25 15:41:24.457	-0.0667125066176065	-0.557500190436863	-1.49291771565887	-2.86683474383768	
2015/06/25 15:41:24.458	-0.0670731147614854	-0.559663839300137	-1.50049048668033	-2.84628007963658	
2015/06/25 15:41:24.459	-0.0663518984737275	-0.562548704451168	-1.4976056215293	-2.81923446884566	
2015/06/25 15:41:24.460	-0.0656306821859696	-0.561466880019531	-1.4976056215293	-2.83546183532021	
2015/06/25 15:41:24.461	-0.062385208891059	-0.557860798580742	-1.50121170296809	-2.89820765235515	
2015/06/25 15:41:24.462	-0.062385208891059	-0.556057757861347	-1.50337535183136	-2.98980212090041	
2015/06/25 15:41:24.463	-0.0595003437400274	-0.562909312595047	-1.50301474368748	-3.01071739324539	
2015/06/25 15:41:24.464	-0.0620246007471801	-0.555336541573589	-1.50553900069463	-3.07166016956093	
2015/06/25 15:41:24.465	-0.0659912903298486	-0.553172892710315	-1.5026541355436	-3.14774848791939	
2015/06/25 15:41:24.466	-0.0677943310492434	-0.568318434753231	-1.48786920164456	-2.839067916759	
2015/06/25 15:41:24.480	-0.070318588056396	-0.569760867328747	-1.49688440524154	-2.88017724516121	
2015/06/25 15:41:24.481	-0.0695973717686381	-0.569760867328747	-1.49868744596093	-2.96275651010949	
2015/06/25 15:41:24.482	-0.0721216287757908	-0.566515394033837	-1.50373595997524	-3.01829016426684	
2015/06/25 15:41:24.483	-0.0739246694951856	-0.574809381343053	-1.50157231111196	-3.03163266559037	
2015/06/25 15:41:24.484	-0.0836610893799173	-0.570121475472626	-1.49940866224869	-3.11060584909986	
2015/06/25 15:41:24.485	-0.0807762242288857	-0.575169989486932	-1.49868744596093	-3.18164565344401	
2015/06/25 15:41:24.486	-0.0800550079411278	-0.573727556911416	-1.4976056215293	-3.18885781632159	
2015/06/25 15:41:24.487	-0.0739246694951856	-0.573727556911416	-1.49003285050784	-3.19823362806244	
2015/06/25 15:41:24.488	-0.0764489265023382	-0.565794177746079	-1.49183589122723	-3.20364275022063	
2015/06/25 15:41:24.489	-0.0807762242288857	-0.5722851243359	-1.49652379709766	-3.21987011669518	
2015/06/25 15:41:24.490	-0.0829398730921594	-0.56867904289711	-1.4907540667956	-3.20183970950123	
2015/06/25 15:41:24.491	-0.0829398730921594	-0.570842691760384	-1.48642676906905	-3.16073038109903	
2015/06/25 15:41:24.492	-0.0807762242288857	-0.573366948767537	-1.4907540667956	-3.05939949266904	
2015/06/25 15:41:24.493	-0.0739246694951856	-0.570121475472626	-1.4907540667956	-3.04317212619449	
2015/06/25 15:41:24.494	-0.0804156160850067	-0.571203299904263	-1.48931163422008	-2.98258995802283	
2015/06/25 15:41:24.495	-0.0814974405166436	-0.574448773199174	-1.4907540667956	-2.90830468038376	
2015/06/25 15:41:24.496	-0.0760883183584593	-0.573727556911416	-1.48714798535681	-2.87116204156423	
2015/06/25 15:41:24.497	-0.0818580486605226	-0.5722851243359	-1.48714798535681	-2.86214683796726	
2015/06/25 15:41:24.498	-0.0753671020707014	-0.569760867328747	-1.4839025120619	-2.85241041808253	
2015/06/25 15:41:24.499	-0.0656306821859696	-0.573366948767537	-1.48859041793232	-2.84880433664374	
2015/06/25 15:41:24.500	-0.0685155473370013	-0.562188096307289	-1.49147528308335	-2.85204980993865	
2015/06/25 15:41:24.501	-0.0605821681716643	-0.569760867328747	-1.49363893194663	-2.91479562697358	
2015/06/25 15:41:24.502	-0.0649094658982117	-0.570482083616505	-1.49219649937111	-3.00170218964841	
2015/06/25 15:41:24.503	-0.0699579799125171	-0.567597218465474	-1.48967224236396	-3.02550232714442	
2015/06/25 15:41:24.504	-0.0663518984737275	-0.570482083616505	-1.49291771565887	-3.09906638849573	
2015/06/25 15:41:24.505	-0.070318588056396	-0.571563908048142	-1.48859041793232	-3.16758193583273	
2015/06/25 15:41:24.506	-0.0638276414665748	-0.567957826609352	-1.4976056215293	-3.21301856196148	
2015/06/25 15:41:24.507	-0.0631064251788169	-0.570842691760384	-1.49327832380275	-3.22708227957276	
2015/06/25 15:41:24.508	-0.070318588056396	-0.571203299904263	-1.49508136452214	-3.23429444245034	
2015/06/25 15:41:24.509	-0.0710398043441539	-0.574809381343053	-1.50121170296809	-3.25737336365859	
2015/06/25 15:41:24.510	-0.0670731147614854	-0.567597218465474	-1.49688440524154	-3.25953701252186	
2015/06/25 15:41:24.511	-0.0681549391931223	-0.566876002177716	-1.49796622967317	-3.12142409341623	
2015/06/25 15:41:24.513	-0.0688761554808802	-0.563991137026684	-1.49399954009051	-3.07706929171911	
2015/06/25 15:41:24.514	-0.0667125066176065	-0.569760867328747	-1.49976927039257	-3.05795706009353	
2015/06/25 15:41:24.515	-0.0721216287757908	-0.573727556911416	-1.4907540667956	-2.9591504286707	
2015/06/25 15:41:24.516	-0.0732034532074277	-0.567236610321595	-1.49724501338542	-2.89712582792352	
2015/06/25 15:41:24.517	-0.0721216287757908	-0.567597218465474	-1.49652379709766	-2.86503170311829	
2015/06/25 15:41:24.518	-0.0688761554808802	-0.567597218465474	-1.4976056215293	-2.85385285065804	
2015/06/25 15:41:24.518	-0.0695973717686381	-0.570482083616505	-1.50553900069463	-2.83257697016918	
2015/06/25 15:41:24.519	-0.0775307509339751	-0.571203299904263	-1.50698143327015	-2.82067690142118	
2015/06/25 15:41:24.520	-0.0760883183584593	-0.569039651040989	-1.51022690656506	-2.85637710766519	
2015/06/25 15:41:24.521	-0.0724822369196698	-0.571203299904263	-1.50698143327015	-2.93354725045529	
2015/06/25 15:41:24.522	-0.0800550079411278	-0.565072961458321	-1.50553900069463	-3.00098097336065	
2015/06/25 15:41:24.523	-0.0746458857829435	-0.569760867328747	-1.50337535183136	-3.00891435252599	
2015/06/25 15:41:24.524	-0.0714004124880329	-0.562548704451168	-1.50049048668033	-3.10736037580495	
2015/06/25 15:41:24.525	-0.0714004124880329	-0.564712353314442	-1.50193291925584	-3.16253342181843	
2015/06/25 15:41:24.526	-0.0732034532074277	-0.562548704451168	-1.49724501338542	-3.19102146518486	
2015/06/25 15:41:24.527	-0.0721216287757908	-0.563991137026684	-1.49147528308335	-3.19679119548693	
2015/06/25 15:41:24.528	-0.0732034532074277	-0.560745663731773	-1.50193291925584	-3.21770646783191	
2015/06/25 15:41:24.529	-0.0638276414665748	-0.561466880019531	-1.4976056215293	-3.22672167142888	
2015/06/25 15:41:24.530	-0.0692367636247592	-0.559303231156258	-1.49508136452214	-3.23285200987482	
2015/06/25 15:41:24.531	-0.0659912903298486	-0.552451676422557	-1.49327832380275	-3.17082740912764	
2015/06/25 15:41:24.532	-0.0620246007471801	-0.545960729832736	-1.49399954009051	-3.07490564285584	
2015/06/25 15:41:24.533	-0.062745817034938	-0.544518297257221	-1.48822980978844	-3.08211780573342	
2015/06/25 15:41:24.534	-0.0663518984737275	-0.547763770552131	-1.49219649937111	-3.00999617695763	
2015/06/25 15:41:24.535	-0.0634670333226959	-0.545600121688857	-1.49039345865172	-2.9230896142828	
2015/06/25 15:41:24.536	-0.0573366948767537	-0.538027350667399	-1.4958025808099	-2.89027427318982	
2015/06/25 15:41:24.537	-0.054812437869601	-0.532257620365336	-1.48859041793232	-2.87801359629793	
2015/06/25 15:41:24.538	-0.0587791274522695	-0.527930322638789	-1.49111467493947	-2.84555886334883	
2015/06/25 15:41:24.539	-0.0616639926033011	-0.530093971502062	-1.49291771565887	-2.84014974119064	
2015/06/25 15:41:24.540	-0.0656306821859696	-0.523242416768362	-1.48931163422008	-2.84051034933452	
2015/06/25 15:41:24.541	-0.0652700740420907	-0.519275727185694	-1.49111467493947	-2.8888318406143	
2015/06/25 15:41:24.542	-0.0584185193083905	-0.513866605027509	-1.49111467493947	-2.98980212090041	
2015/06/25 15:41:24.543	-0.0573366948767537	-0.507375658437688	-1.48967224236396	-3.05002368092819	
2015/06/25 15:41:24.545	-0.062745817034938	-0.514587821315267	-1.49327832380275	-3.13440598659587	
2015/06/25 15:41:24.546	-0.0519275727185694	-0.507015050293809	-1.48967224236396	-3.18813660003383	
2015/06/25 15:41:24.547	-0.0504851401430536	-0.499081671128472	-1.49183589122723	-3.17479409871031	
2015/06/25 15:41:24.548	-0.0508457482869325	-0.495475589689683	-1.49183589122723	-3.19570937105529	
2015/06/25 15:41:24.549	-0.0530093971502062	-0.48970585938762	-1.4958025808099	-3.20400335836451	
2015/06/25 15:41:24.550	-0.0533700052940852	-0.487902818668225	-1.4907540667956	-3.20364275022063	
2015/06/25 15:41:24.551	-0.0465184505603851	-0.48970585938762	-1.49291771565887	-3.17407288242255	
2015/06/25 15:41:24.552	-0.0439941935532324	-0.478527006927372	-1.49508136452214	-3.07634807543136	
2015/06/25 15:41:24.553	-0.0494033157114167	-0.47564214177634	-1.49327832380275	-3.04172969361898	
2015/06/25 15:41:24.554	-0.0396668958266849	-0.476363358064098	-1.49039345865172	-3.01504469097193	
2015/06/25 15:41:24.555	-0.0382244632511691	-0.475281533632461	-1.4976056215293	-2.94256245405226	
2015/06/25 15:41:24.556	-0.0382244632511691	-0.465905721891609	-1.4958025808099	-2.88306211031224	
2015/06/25 15:41:24.557	-0.0403881121144428	-0.462660248596698	-1.49508136452214	-2.85926197281623	
2015/06/25 15:41:24.558	-0.0335365573807427	-0.466987546323245	-1.49508136452214	-2.85060737736313	
2015/06/25 15:41:24.559	-0.039306287682806	-0.463742073028335	-1.48642676906905	-2.82211933399669	
2015/06/25 15:41:24.560	-0.0385850713950481	-0.457251126438514	-1.49003285050784	-2.83149514573755	
2015/06/25 15:41:24.560	-0.0342577736685006	-0.453645044999724	-1.48282068763026	-2.8596225809601	
2015/06/25 15:41:24.561	-0.0357002062440164	-0.452563220568087	-1.48318129577414	-2.964198942685	
2015/06/25 15:41:24.562	-0.0349789899562585	-0.454005653143603	-1.49039345865172	-3.02189624570563	
2015/06/25 15:41:24.563	-0.0349789899562585	-0.452202612424208	-1.49039345865172	-3.04353273433837	
2015/06/25 15:41:24.564	-0.0378638551072902	-0.455448085719119	-1.49255710751499	-3.12250591784786	
2015/06/25 15:41:24.565	-0.0349789899562585	-0.452202612424208	-1.48822980978844	-3.19859423620632	
2015/06/25 15:41:24.566	-0.0324547329491059	-0.443187408827234	-1.48498433649353	-3.21590342711251	
2015/06/25 15:41:24.567	-0.0331759492368638	-0.444269233258871	-1.48426312020577	-3.20797004794717	
2015/06/25 15:41:24.568	-0.0317335166613479	-0.445711665834387	-1.48822980978844	-3.23898234832076	
2015/06/25 15:41:24.569	-0.0274062189348005	-0.44462984140275	-1.48570555278129	-3.24078538904016	
2015/06/25 15:41:24.570	-0.0270456107909215	-0.446432882122145	-1.48065703876698	-3.23249140173094	
2015/06/25 15:41:24.571	-0.0274062189348005	-0.445351057690508	-1.48318129577414	-3.17803957200522	
2015/06/25 15:41:24.572	-0.0266850026470426	-0.438499502956808	-1.47813278175983	-3.07670868357523	
2015/06/25 15:41:24.573	-0.0144243257551582	-0.43777828666905	-1.47380548403328	-3.05146611350371	
2015/06/25 15:41:24.574	-0.0259637863592847	-0.437057070381292	-1.47957521433535	-2.99521124305859	
2015/06/25 15:41:24.575	-0.0194728397694635	-0.444990449546629	-1.47921460619147	-2.84555886334883	
2015/06/25 15:41:24.577	-0.0209152723449793	-0.440663151820082	-1.48462372834965	-2.8545740669458	
2015/06/25 15:41:24.578	-0.0169485827623108	-0.443908625114992	-1.4839025120619	-2.84447703891719	
2015/06/25 15:41:24.579	-0.015506150186795	-0.443908625114992	-1.48642676906905	-2.82608602357936	
2015/06/25 15:41:24.580	-0.0104576361724897	-0.441744976251719	-1.48173886319862	-2.82500419914773	
2015/06/25 15:41:24.581	-0.00432729772654745	-0.435614637805776	-1.4820994713425	-2.89207731390921	
2015/06/25 15:41:24.582	-0.0140637176112792	-0.442105584395598	-1.4820994713425	-2.99449002677083	
2015/06/25 15:41:24.583	-0.0187516234817056	-0.443908625114992	-1.49039345865172	-3.0139628665403	
2015/06/25 15:41:24.584	-0.0191122316255846	-0.446793490266024	-1.48859041793232	-3.07454503471196	
2015/06/25 15:41:24.585	-0.0187516234817056	-0.452563220568087	-1.49363893194663	-3.15315761007757	
2015/06/25 15:41:24.586	-0.0209152723449793	-0.461217816021182	-1.49219649937111	-3.19102146518486	
2015/06/25 15:41:24.587	-0.0144243257551582	-0.458332950870151	-1.49255710751499	-3.2058063990839	
2015/06/25 15:41:24.588	-0.0147849338990371	-0.461578424165061	-1.49327832380275	-3.23934295646464	
2015/06/25 15:41:24.589	-0.0180304071939477	-0.472036060337551	-1.50049048668033	-3.24799755191774	
2015/06/25 15:41:24.590	-0.0191122316255846	-0.468429978898761	-1.49363893194663	-3.24330964604731	
2015/06/25 15:41:24.591	-0.0248819619276478	-0.476002749920219	-1.49904805410481	-3.22311558999009	
2015/06/25 15:41:24.592	-0.0256031782154057	-0.484657345373314	-1.49976927039257	-3.1354878110275	
2015/06/25 15:41:24.593	-0.0266850026470426	-0.487181602380467	-1.50229352739972	-3.08211780573342	
2015/06/25 15:41:24.594	-0.0274062189348005	-0.493672548970288	-1.50049048668033	-3.05867827638129	
2015/06/25 15:41:24.595	-0.0165879746184319	-0.497278630409078	-1.49147528308335	-2.98042630915955	
2015/06/25 15:41:24.596	-0.0230789212082531	-0.491148291963135	-1.49003285050784	-2.9248926550022	
2015/06/25 15:41:24.597	-0.0219970967766162	-0.485017953517193	-1.49796622967317	-2.90145312565006	
2015/06/25 15:41:24.598	-0.0212758804888583	-0.499081671128472	-1.49508136452214	-2.90145312565006	
2015/06/25 15:41:24.599	-0.0274062189348005	-0.508096874725446	-1.50301474368748	-2.86575291940605	
2015/06/25 15:41:24.600	-0.0212758804888583	-0.507736266581567	-1.504457176263	-2.84808312035598	
2015/06/25 15:41:24.601	-0.0292092596541953	-0.510621131732599	-1.49976927039257	-2.87476812300302	
2015/06/25 15:41:24.601	-0.0367820306756533	-0.51711207832242	-1.50193291925584	-2.96636259154827	
2015/06/25 15:41:24.602	-0.0349789899562585	-0.524324241199999	-1.5095056902773	-3.01324165025254	
2015/06/25 15:41:24.603	-0.0378638551072902	-0.526848498207152	-1.50409656811912	-3.04064786918734	
2015/06/25 15:41:24.604	-0.0378638551072902	-0.52396363305612	-1.50517839255075	-3.11853922826519	
2015/06/25 15:41:24.605	-0.038945679538927	-0.522881808624483	-1.50878447398954	-3.17623653128583	
2015/06/25 15:41:24.606	-0.0450760179848692	-0.528651538926547	-1.51311177171609	-3.19606997919917	
2015/06/25 15:41:24.607	-0.0432729772654745	-0.534781877372489	-1.51022690656506	-3.20183970950123	
2015/06/25 15:41:24.609	-0.0425517609777166	-0.535503093660247	-1.50986629842118	-3.22527923885336	
2015/06/25 15:41:24.610	-0.0494033157114167	-0.540190999530673	-1.50698143327015	-3.18885781632159	
2015/06/25 15:41:24.611	-0.0504851401430536	-0.548484986839889	-1.51022690656506	-3.16253342181843	
2015/06/25 15:41:24.612	-0.0681549391931223	-0.558221406724621	-1.51707846129876	-3.06841469626602	
2015/06/25 15:41:24.613	-0.0728428450635487	-0.554615325285831	-1.52104515088143	-3.04497516691389	
2015/06/25 15:41:24.614	-0.0645488577543327	-0.558942623012379	-1.51743906944264	-2.99593245934635	
2015/06/25 15:41:24.615	-0.0602215600277853	-0.563269920738926	-1.5181602857304	-2.91948353284401	
2015/06/25 15:41:24.616	-0.0681549391931223	-0.562548704451168	-1.52068454273755	-2.86755596012544	
2015/06/25 15:41:24.617	-0.0717610206319118	-0.575891205774689	-1.51924211016203	-2.8682771764132	
2015/06/25 15:41:24.618	-0.0764489265023382	-0.578054854637963	-1.52212697531306	-2.85204980993865	
2015/06/25 15:41:24.619	-0.070318588056396	-0.577694246494084	-1.5232087997447	-2.83726487603961	
2015/06/25 15:41:24.620	-0.0771701427900961	-0.575169989486932	-1.52429062417634	-2.83942852490288	
2015/06/25 15:41:24.621	-0.0753671020707014	-0.577694246494084	-1.52537244860798	-2.90722285595213	
2015/06/25 15:41:24.622	-0.0742852776390645	-0.583103368652269	-1.52212697531306	-3.00855374438211	
2015/06/25 15:41:24.623	-0.0789731835094909	-0.588512490810453	-1.51924211016203	-3.0276659760077	
2015/06/25 15:41:24.624	-0.0760883183584593	-0.589954923385969	-1.51779967758652	-3.08572388717221	
2015/06/25 15:41:24.625	-0.0800550079411278	-0.583463976796148	-1.52393001603246	-3.17263044984704	
2015/06/25 15:41:24.626	-0.0847429138115542	-0.590676139673727	-1.52068454273755	-3.21229734567372	
2015/06/25 15:41:24.627	-0.0843823056676752	-0.593921612968637	-1.51455420429161	-3.22672167142888	
2015/06/25 15:41:24.628	-0.0887096033942227	-0.592118572249242	-1.52429062417634	-3.2350156587381	
2015/06/25 15:41:24.629	-0.0944793336962859	-0.599330735126821	-1.52465123232022	-3.25268545778816	
2015/06/25 15:41:24.630	-0.100609672142228	-0.601494383990095	-1.5232087997447	-3.24511268676671	
2015/06/25 15:41:24.631	-0.0952005499840438	-0.603658032853369	-1.52068454273755	-3.18957903260935	
2015/06/25 15:41:24.632	-0.0973641988473176	-0.60690350614828	-1.52356940788858	-3.13404537845199	
2015/06/25 15:41:24.633	-0.0977248069911965	-0.611591412018706	-1.51924211016203	-3.07490564285584	
2015/06/25 15:41:24.634	-0.0984460232789544	-0.617361142320769	-1.51996332644979	-3.04533577505777	
2015/06/25 15:41:24.635	-0.0973641988473176	-0.613033844594222	-1.51671785315488	-2.952298873937	
2015/06/25 15:41:24.636	-0.0980854151350755	-0.614115669025859	-1.51239055542833	-2.895683395348	
2015/06/25 15:41:24.637	-0.100249063998349	-0.61014897944319	-1.50878447398954	-2.8614256216795	
2015/06/25 15:41:24.638	-0.0933975092646491	-0.615197493457495	-1.51275116357221	-2.84808312035598	
2015/06/25 15:41:24.639	-0.093758117408528	-0.615918709745253	-1.51491481243549	-2.82139811770894	
2015/06/25 15:41:24.640	-0.0984460232789544	-0.607624722436037	-1.50589960883851	-2.82500419914773	
2015/06/25 15:41:24.642	-0.0966429825595597	-0.609067155011553	-1.50121170296809	-2.93571089931856	
2015/06/25 15:41:24.643	-0.0973641988473176	-0.618442966752406	-1.50842386584566	-2.9916051616198	
2015/06/25 15:41:24.643	-0.094118725552407	-0.611952020162585	-1.50986629842118	-3.01360225839642	
2015/06/25 15:41:24.644	-0.0952005499840438	-0.611591412018706	-1.50373595997524	-3.10339368622228	
2015/06/25 15:41:24.645	-0.0984460232789544	-0.61014897944319	-1.50626021698239	-3.16722132768885	
2015/06/25 15:41:24.646	-0.100249063998349	-0.619524791184043	-1.50878447398954	-3.19138207332874	
2015/06/25 15:41:24.647	-0.100249063998349	-0.618803574896285	-1.50553900069463	-3.20400335836451	
2015/06/25 15:41:24.648	-0.102412712861623	-0.62060661561568	-1.50409656811912	-3.22600045514112	
2015/06/25 15:41:24.649	-0.102412712861623	-0.62385208891059	-1.504457176263	-3.24475207862283	
2015/06/25 15:41:24.650	-0.10349453729326	-0.622049048191196	-1.504457176263	-3.2076094398033	
2015/06/25 15:41:24.651	-0.103133929149381	-0.623130872622832	-1.49976927039257	-3.18164565344401	
2015/06/25 15:41:24.652	-0.103133929149381	-0.625655129629985	-1.50481778440687	-3.08969057675488	
2015/06/25 15:41:24.653	-0.102412712861623	-0.617361142320769	-1.50337535183136	-3.07490564285584	
2015/06/25 15:41:24.654	-0.0988066314228334	-0.625655129629985	-1.50878447398954	-3.02478111085667	
2015/06/25 15:41:24.655	-0.10349453729326	-0.617721750464648	-1.50698143327015	-2.94472610291554	
2015/06/25 15:41:24.656	-0.0970035907034386	-0.624212697054469	-1.49652379709766	-2.88955305690206	
2015/06/25 15:41:24.657	-0.0977248069911965	-0.618803574896285	-1.50409656811912	-2.88125906959284	
2015/06/25 15:41:24.658	-0.105297578012655	-0.621327831903438	-1.504457176263	-2.86683474383768	
2015/06/25 15:41:24.659	-0.0984460232789544	-0.625294521486106	-1.50589960883851	-2.84736190406822	
2015/06/25 15:41:24.660	-0.100609672142228	-0.618442966752406	-1.504457176263	-2.84014974119064	
2015/06/25 15:41:24.661	-0.103133929149381	-0.625294521486106	-1.50012987853645	-2.89892886864291	
2015/06/25 15:41:24.662	-0.0991672395667123	-0.629621819212654	-1.50409656811912	-3.00747191995048	
2015/06/25 15:41:24.663	-0.0998884558544703	-0.622409656335075	-1.50806325770179	-3.00999617695763	
2015/06/25 15:41:24.664	-0.0995278477105913	-0.619164183040164	-1.50986629842118	-3.05687523566189	
2015/06/25 15:41:24.665	-0.101330888429986	-0.626736954061622	-1.50373595997524	-3.14558483905612	
2015/06/25 15:41:24.666	-0.102773321005502	-0.618442966752406	-1.50770264955791	-3.17876078829298	
2015/06/25 15:41:24.667	-0.107461226875928	-0.62060661561568	-1.50662082512627	-3.18777599188995	
2015/06/25 15:41:24.668	-0.100970280286107	-0.617361142320769	-1.51202994728445	-3.20292153393287	
2015/06/25 15:41:24.669	-0.104576361724897	-0.620246007471801	-1.50373595997524	-3.21662464340027	
2015/06/25 15:41:24.670	-0.106379402444291	-0.62060661561568	-1.50301474368748	-3.21518221082475	
2015/06/25 15:41:24.671	-0.107100618732049	-0.622409656335075	-1.50553900069463	-3.17263044984704	
2015/06/25 15:41:24.672	-0.108182443163686	-0.61700053417689	-1.49724501338542	-3.0345175307414	
2015/06/25 15:41:24.674	-0.0995278477105913	-0.617361142320769	-1.50770264955791	-3.04533577505777	
2015/06/25 15:41:24.675	-0.103855145437139	-0.624933913342227	-1.50049048668033	-2.9573473879513	
2015/06/25 15:41:24.676	-0.102773321005502	-0.62745817034938	-1.5026541355436	-2.89892886864291	
2015/06/25 15:41:24.677	-0.112149132746355	-0.624212697054469	-1.50157231111196	-2.87368629857138	
2015/06/25 15:41:24.678	-0.108182443163686	-0.621688440047317	-1.50157231111196	-2.8682771764132	
2015/06/25 15:41:24.679	-0.104936969868776	-0.620967223759559	-1.50085109482421	-2.85818014838459	
2015/06/25 15:41:24.680	-0.103855145437139	-0.619164183040164	-1.49616318895378	-2.85168920179477	
2015/06/25 15:41:24.681	-0.101330888429986	-0.61700053417689	-1.50626021698239	-2.87584994743466	
2015/06/25 15:41:24.682	-0.11034609202696	-0.623130872622832	-1.49868744596093	-2.96780502412379	
2015/06/25 15:41:24.683	-0.104936969868776	-0.616279317889132	-1.49436014823439	-3.0276659760077	
2015/06/25 15:41:24.684	-0.108903659451444	-0.618082358608527	-1.4958025808099	-3.04677820763328	
2015/06/25 15:41:24.685	-0.109624875739202	-0.61700053417689	-1.49183589122723	-3.13007868886932	
2015/06/25 15:41:24.685	-0.108543051307565	-0.612312628306464	-1.49291771565887	-3.18272747787565	
2015/06/25 15:41:24.686	-0.107100618732049	-0.611952020162585	-1.49616318895378	-3.214460994537	
2015/06/25 15:41:24.687	-0.104215753581018	-0.612673236450343	-1.49472075637826	-3.21482160268087	
2015/06/25 15:41:24.688	-0.119000687480055	-0.629621819212654	-1.50734204141403	-3.22744288771664	
2015/06/25 15:41:24.689	-0.126934066645392	-0.63430972508308	-1.50698143327015	-3.21770646783191	
2015/06/25 15:41:24.690	-0.124409809638239	-0.638276414665748	-1.51275116357221	-3.19751241177468	
2015/06/25 15:41:24.691	-0.126934066645392	-0.64116127981678	-1.51275116357221	-3.10411490251004	
2015/06/25 15:41:24.692	-0.129818931796423	-0.642603712392296	-1.52032393459367	-3.06661165554662	
2015/06/25 15:41:24.693	-0.131621972515818	-0.653421956708665	-1.52032393459367	-3.01684773169133	
2015/06/25 15:41:24.694	-0.140997784256671	-0.667485674319944	-1.52753609747125	-2.9779020521524	
2015/06/25 15:41:24.695	-0.147128122702613	-0.671452363902612	-1.52104515088143	-2.87368629857138	
2015/06/25 15:41:24.696	-0.144603865695461	-0.687319122233286	-1.52573305675185	-2.82644663172324	
2015/06/25 15:41:24.697	-0.153258461148555	-0.690564595528197	-1.52933913819064	-2.7911070336231	
2015/06/25 15:41:24.698	-0.162273664745529	-0.702464664276202	-1.53294521962943	-2.74963709707702	
2015/06/25 15:41:24.699	-0.163355489177166	-0.707513178290508	-1.53078157076616	-2.73449155503411	
2015/06/25 15:41:24.700	-0.162634272889408	-0.711479867873176	-1.5300603544784	-2.72691878401265	
2015/06/25 15:41:24.701	-0.165879746184319	-0.719052638894634	-1.52933913819064	-2.76261899025667	
2015/06/25 15:41:24.702	-0.171649476486382	-0.71688899003136	-1.5300603544784	-2.85673771580907	
2015/06/25 15:41:24.703	-0.16876461133535	-0.720134463326271	-1.5232087997447	-2.86214683796726	
2015/06/25 15:41:24.704	-0.152176636716919	-0.690203987384318	-1.51022690656506	-2.97068988927482	
2015/06/25 15:41:24.706	-0.143161433119945	-0.684794865226134	-1.50012987853645	-3.02658415157606	
2015/06/25 15:41:24.707	-0.136670486530124	-0.663518984737275	-1.49255710751499	-3.05002368092819	
2015/06/25 15:41:24.708	-0.120082511911692	-0.629261211068775	-1.48137825505474	-3.05939949266904	
2015/06/25 15:41:24.709	-0.106379402444291	-0.598609518839064	-1.46515088858019	-3.07490564285584	
2015/06/25 15:41:24.710	-0.0789731835094909	-0.549566811271526	-1.43774466964539	-3.09005118489876	
2015/06/25 15:41:24.711	-0.0544518297257221	-0.498721062984593	-1.42151730317084	-3.04605699134552	
2015/06/25 15:41:24.712	-0.0256031782154057	-0.445711665834387	-1.3998808145381	-2.95518373908803	
2015/06/25 15:41:24.713	-0.00144243257551582	-0.383326456943328	-1.38581709692682	-2.94075941333287	
2015/06/25 15:41:24.714	0.0465184505603851	-0.316613950325722	-1.37031094674003	-2.95193826579312	
2015/06/25 15:41:24.715	0.085824738243191	-0.236919550528473	-1.34578959295626	-2.88270150216836	
2015/06/25 15:41:24.716	0.115394606041265	-0.170567652054745	-1.32162884731637	-2.84736190406822	
2015/06/25 15:41:24.717	0.150734204141403	-0.0930369011207701	-1.29963175053975	-2.85565589137744	
2015/06/25 15:41:24.718	0.192204140687482	-0.0201940560572214	-1.2834043840652	-2.8682771764132	
2015/06/25 15:41:24.719	0.228625563219257	0.0526487890063273	-1.26501336872737	-2.86467109497441	
2015/06/25 15:41:24.720	0.265046985751031	0.126934066645392	-1.25311329997937	-2.89243792205309	
2015/06/25 15:41:24.721	0.294256245405226	0.200498127996698	-1.2473435696773	-2.92597447943383	
2015/06/25 15:41:24.722	0.314810909606327	0.222855832917194	-1.23904958236809	-3.04317212619449	
2015/06/25 15:41:24.723	0.349068683274827	0.281634960369463	-1.24301627195075	-3.13801206803466	
2015/06/25 15:41:24.724	0.369262739332049	0.322383680627785	-1.24554052895791	-3.17623653128583	
2015/06/25 15:41:24.725	0.390178011677028	0.366017266037138	-1.24842539410894	-3.28225532558624	
2015/06/25 15:41:24.726	0.41037206773425	0.400635647849518	-1.24698296153342	-3.37132553712434	
2015/06/25 15:41:24.726	0.429844907503713	0.429484299359834	-1.24986782668445	-3.42217128541127	
2015/06/25 15:41:24.727	0.432729772654745	0.432729772654745	-1.27547100489986	-3.44308655775625	
2015/06/25 15:41:24.728	0.426960042352682	0.421550920194497	-1.3021560075469	-3.47409885812984	
2015/06/25 15:41:24.729	0.422632744626134	0.405323553719944	-1.32307127989188	-3.48635953502173	
2015/06/25 15:41:24.730	0.411453892165886	0.37575368592187	-1.34867445810729	-3.48275345358294	
2015/06/25 15:41:24.731	0.401717472281155	0.33103827608088	-1.38365344806355	-3.40161662121017	
2015/06/25 15:41:24.732	0.378277942929023	0.280192527793947	-1.41755061358817	-3.34067384489463	
2015/06/25 15:41:24.733	0.349429291418706	0.212758804888583	-1.43702345335763	-3.32733134357111	
2015/06/25 15:41:24.734	0.314450301462448	0.125491634069876	-1.46911757816286	-3.25773397180247	
2015/06/25 15:41:24.735	0.27911070336231	0.0490427075675377	-1.50662082512627	-3.16938497655213	
2015/06/25 15:41:24.736	0.183910153378267	-0.139555351681155	-1.57730002132654	-3.07490564285584	
2015/06/25 15:41:24.738	0.142800824976066	-0.230428603938652	-1.61696691715323	-3.0532691542231	
2015/06/25 15:41:24.739	0.104576361724897	-0.313007868886932	-1.63896401392985	-3.02982962487097	
2015/06/25 15:41:24.740	0.0710398043441539	-0.392341660540302	-1.66997631430344	-3.00062036521678	
2015/06/25 15:41:24.741	0.0371426388195323	-0.465905721891609	-1.6876461133535	-3.02622354343218	
2015/06/25 15:41:24.742	0.00685155473370013	-0.530454579645941	-1.69089158664842	-3.1167361875458	
2015/06/25 15:41:24.743	-0.0111788524602476	-0.553894108998073	-1.7082007775546	-3.12250591784786	
2015/06/25 15:41:24.744	-0.0411093284022008	-0.604018640997248	-1.710003818274	-3.16505767882558	
2015/06/25 15:41:24.745	-0.0573366948767537	-0.648734050838238	-1.70495530425969	-3.24980059263713	
2015/06/25 15:41:24.746	-0.070318588056396	-0.675419053485281	-1.70279165539642	-3.27864924414745	
2015/06/25 15:41:24.747	-0.0890702115381016	-0.708955610866023	-1.68692489706575	-3.2966796513414	
2015/06/25 15:41:24.748	-0.0998884558544703	-0.72734662620385	-1.67466422017386	-3.30028573278019	
2015/06/25 15:41:24.749	-0.106018794300412	-0.738164870520219	-1.67213996316671	-3.30966154452104	
2015/06/25 15:41:24.750	-0.106379402444291	-0.751146763699861	-1.65807624555543	-3.29956451649243	
2015/06/25 15:41:24.751	-0.107100618732049	-0.756916494001924	-1.65050347453397	-3.24763694377386	
2015/06/25 15:41:24.752	-0.108543051307565	-0.761604399872351	-1.64004583836148	-3.14738787977551	
2015/06/25 15:41:24.753	-0.115033997897386	-0.765931697598898	-1.62381847188693	-3.11926044455295	
2015/06/25 15:41:24.754	-0.118279471192297	-0.767734738318293	-1.61949117416038	-3.09509969891306	
2015/06/25 15:41:24.755	-0.120082511911692	-0.768095346462172	-1.6072304972685	-3.01143860953314	
2015/06/25 15:41:24.756	-0.121885552631086	-0.77566811748363	-1.59496982037661	-2.94580792734717	
2015/06/25 15:41:24.757	-0.125131025925997	-0.774946901195872	-1.59280617151334	-2.92525326314607	
2015/06/25 15:41:24.758	-0.122606768918844	-0.776749941915267	-1.5866758330674	-2.91515623511746	
2015/06/25 15:41:24.759	-0.12765528293315	-0.777471158203025	-1.58703644121128	-2.90902589667152	
2015/06/25 15:41:24.760	-0.12765528293315	-0.771340819757083	-1.57946367018982	-2.88270150216836	
2015/06/25 15:41:24.761	-0.124409809638239	-0.767734738318293	-1.57477576431939	-2.90289555822558	
2015/06/25 15:41:24.762	-0.125491634069876	-0.766292305742777	-1.56756360144181	-2.97934448472792	
2015/06/25 15:41:24.763	-0.121524944487207	-0.750786155555982	-1.55890900598872	-3.0395660447557	
2015/06/25 15:41:24.764	-0.108543051307565	-0.750064939268224	-1.54268163951417	-3.05867827638129	
2015/06/25 15:41:24.765	-0.107461226875928	-0.739607303095735	-1.53510886849271	-3.14522423091224	
2015/06/25 15:41:24.766	-0.104576361724897	-0.72410115290894	-1.52248758345694	-3.20652761537166	
2015/06/25 15:41:24.767	-0.105297578012655	-0.724461761052818	-1.51996332644979	-3.23537626688197	
2015/06/25 15:41:24.768	-0.104936969868776	-0.709676827153781	-1.51779967758652	-3.23609748316973	
2015/06/25 15:41:24.768	-0.0908732522574964	-0.677222094204676	-1.4958025808099	-3.24835816006162	
2015/06/25 15:41:24.770	-0.085824738243191	-0.669649323183218	-1.48750859350069	-3.23537626688197	
2015/06/25 15:41:24.771	-0.0768095346462172	-0.653782564852544	-1.48534494463741	-3.15279700193369	
2015/06/25 15:41:24.772	-0.0811368323727646	-0.646570401974964	-1.49255710751499	-3.0875269278916	
2015/06/25 15:41:24.773	-0.0732034532074277	-0.634670333226959	-1.48822980978844	-3.07706929171911	
2015/06/25 15:41:24.774	-0.0699579799125171	-0.630343035500411	-1.48786920164456	-3.03307509816588	
2015/06/25 15:41:24.775	-0.0634670333226959	-0.618082358608527	-1.48750859350069	-2.95265948208087	
2015/06/25 15:41:24.776	-0.0620246007471801	-0.62060661561568	-1.4907540667956	-2.90001069307455	
2015/06/25 15:41:24.777	-0.0641882496104538	-0.61014897944319	-1.4958025808099	-2.8888318406143	
2015/06/25 15:41:24.778	-0.0638276414665748	-0.600773167702337	-1.49508136452214	-2.86971960898872	
2015/06/25 15:41:24.779	-0.0652700740420907	-0.603658032853369	-1.49399954009051	-2.84303460634167	
2015/06/25 15:41:24.780	-0.0645488577543327	-0.604379249141127	-1.49508136452214	-2.83113453759367	
2015/06/25 15:41:24.781	-0.0595003437400274	-0.598609518839064	-1.49688440524154	-2.87909542072957	
2015/06/25 15:41:24.782	-0.0659912903298486	-0.590676139673727	-1.49616318895378	-2.9779020521524	
2015/06/25 15:41:24.783	-0.0652700740420907	-0.595724653688032	-1.50229352739972	-3.00278401408005	
2015/06/25 15:41:24.784	-0.0677943310492434	-0.592479180393121	-1.50662082512627	-3.03992665289958	
2015/06/25 15:41:24.785	-0.0681549391931223	-0.59644586997579	-1.49868744596093	-3.12791504000605	
2015/06/25 15:41:24.786	-0.0674337229053644	-0.594642829256395	-1.50806325770179	-3.17082740912764	
2015/06/25 15:41:24.787	-0.0685155473370013	-0.598248910695185	-1.50878447398954	-3.17912139643686	
2015/06/25 15:41:24.788	-0.0721216287757908	-0.601133775846216	-1.51202994728445	-3.19246389776038	
2015/06/25 15:41:24.789	-0.0750064939268224	-0.601854992133974	-1.52284819160082	-3.2126579538176	
2015/06/25 15:41:24.790	-0.078612575365612	-0.607264114292159	-1.51311177171609	-3.21554281896863	
2015/06/25 15:41:24.791	-0.0825792649482804	-0.605461073572764	-1.5113087309967	-3.18669416745832	
2015/06/25 15:41:24.792	-0.0822186568044015	-0.595364045544153	-1.5113087309967	-3.07310260213645	
2015/06/25 15:41:24.793	-0.0753671020707014	-0.59644586997579	-1.51527542057936	-3.04353273433837	
2015/06/25 15:41:24.794	-0.0739246694951856	-0.592118572249242	-1.52140575902531	-3.00963556881375	
2015/06/25 15:41:24.795	-0.0714004124880329	-0.593561004824758	-1.51888150201815	-2.95518373908803	
2015/06/25 15:41:24.796	-0.0735640613513066	-0.59644586997579	-1.51852089387428	-2.90397738265722	
2015/06/25 15:41:24.797	-0.0670731147614854	-0.592839788537	-1.51707846129876	-2.87945602887345	
2015/06/25 15:41:24.798	-0.0789731835094909	-0.594282221112516	-1.51202994728445	-2.87693177186629	
2015/06/25 15:41:24.799	-0.0865459545309489	-0.597888302551306	-1.51852089387428	-2.84952555293149	
2015/06/25 15:41:24.800	-0.0836610893799173	-0.600773167702337	-1.52609366489573	-2.84339521448555	
2015/06/25 15:41:24.801	-0.0804156160850067	-0.597167086263548	-1.51852089387428	-2.92525326314607	
2015/06/25 15:41:24.803	-0.0822186568044015	-0.595364045544153	-1.51779967758652	-3.00675070366272	
2015/06/25 15:41:24.804	-0.0840216975237963	-0.598609518839064	-1.51996332644979	-3.032714490022	
2015/06/25 15:41:24.805	-0.0847429138115542	-0.597167086263548	-1.51527542057936	-3.11204828167537	
2015/06/25 15:41:24.806	-0.0851035219554331	-0.595724653688032	-1.51239055542833	-3.17046680098376	
2015/06/25 15:41:24.807	-0.0811368323727646	-0.593200396680879	-1.51202994728445	-3.19354572219202	
2015/06/25 15:41:24.808	-0.0778913590778541	-0.584545801227784	-1.516357245011	-3.20724883165942	
2015/06/25 15:41:24.809	-0.0764489265023382	-0.584185193083905	-1.50986629842118	-3.21157612938596	
2015/06/25 15:41:24.810	-0.0793337916533699	-0.593200396680879	-1.50842386584566	-3.22527923885336	
2015/06/25 15:41:24.810	-0.0793337916533699	-0.587791274522695	-1.51527542057936	-3.20364275022063	
2015/06/25 15:41:24.811	-0.0851035219554331	-0.589233707098211	-1.5113087309967	-3.11276949796313	
2015/06/25 15:41:24.812	-0.0789731835094909	-0.588512490810453	-1.50734204141403	-3.0532691542231	
2015/06/25 15:41:24.813	-0.0768095346462172	-0.588151882666574	-1.50517839255075	-3.03307509816588	
2015/06/25 15:41:24.814	-0.0800550079411278	-0.5859882338033	-1.50589960883851	-2.95554434723191	
2015/06/25 15:41:24.815	-0.0717610206319118	-0.580579111645116	-1.5026541355436	-2.91155015367867	
2015/06/25 15:41:24.816	-0.0645488577543327	-0.57553059763081	-1.49832683781705	-2.85601649952132	
2015/06/25 15:41:24.817	-0.0645488577543327	-0.576251813918568	-1.48859041793232	-2.8459194714927	
2015/06/25 15:41:24.818	-0.0641882496104538	-0.575169989486932	-1.49183589122723	-2.84555886334883	
2015/06/25 15:41:24.819	-0.0584185193083905	-0.574088165055295	-1.49255710751499	-2.82572541543548	
2015/06/25 15:41:24.820	-0.0688761554808802	-0.573006340623658	-1.4976056215293	-2.82247994214057	
2015/06/25 15:41:24.821	-0.0584185193083905	-0.573727556911416	-1.49796622967317	-2.87008021713259	
2015/06/25 15:41:24.822	-0.0566154785889958	-0.561466880019531	-1.49472075637826	-2.97501718700137	
2015/06/25 15:41:24.823	-0.0591397355961484	-0.5654335696022	-1.49327832380275	-3.01540529911581	
2015/06/25 15:41:24.824	-0.0598609518839064	-0.570121475472626	-1.49436014823439	-3.06156314153232	
2015/06/25 15:41:24.825	-0.0602215600277853	-0.568318434753231	-1.49472075637826	-3.14738787977551	
2015/06/25 15:41:24.826	-0.0609427763155432	-0.562909312595047	-1.49904805410481	-3.19967606063796	
2015/06/25 15:41:24.827	-0.0566154785889958	-0.562548704451168	-1.50157231111196	-3.20977308866657	
2015/06/25 15:41:24.828	-0.0566154785889958	-0.556778974149105	-1.49291771565887	-3.22600045514112	
2015/06/25 15:41:24.829	-0.0530093971502062	-0.551009243847042	-1.50121170296809	-3.25196424150041	
2015/06/25 15:41:24.830	-0.0515669645746904	-0.553172892710315	-1.50770264955791	-3.2555703229392	
2015/06/25 15:41:24.831	-0.0566154785889958	-0.549206203127647	-1.49688440524154	-3.20544579094002	
2015/06/25 15:41:24.832	-0.0519275727185694	-0.543797080969463	-1.49868744596093	-3.10050882107125	
2015/06/25 15:41:24.833	-0.0504851401430536	-0.539109175099036	-1.50481778440687	-3.03523874702916	
2015/06/25 15:41:24.835	-0.0501245319991746	-0.539830391386794	-1.49724501338542	-2.93607150746244	
2015/06/25 15:41:24.836	-0.0382244632511691	-0.535503093660247	-1.48967224236396	-2.92272900613892	
2015/06/25 15:41:24.837	-0.0306516922297111	-0.527930322638789	-1.49003285050784	-2.88486515103163	
2015/06/25 15:41:24.838	-0.0324547329491059	-0.534060661084731	-1.48859041793232	-2.87657116372242	
2015/06/25 15:41:24.839	-0.038945679538927	-0.531175795933699	-1.49724501338542	-2.85024676921925	
2015/06/25 15:41:24.840	-0.031372908517469	-0.535863701804126	-1.49868744596093	-2.83834670047125	
2015/06/25 15:41:24.841	-0.0331759492368638	-0.531175795933699	-1.49616318895378	-2.8459194714927	
2015/06/25 15:41:24.842	-0.0288486515103163	-0.51350599688363	-1.50409656811912	-2.93318664231141	
2015/06/25 15:41:24.843	-0.0288486515103163	-0.520357551617331	-1.49472075637826	-3.00350523036781	
2015/06/25 15:41:24.844	-0.0270456107909215	-0.512784780595873	-1.4958025808099	-3.020814421274	
2015/06/25 15:41:24.845	-0.023800137496011	-0.516390862034662	-1.49724501338542	-3.09221483376203	
2015/06/25 15:41:24.846	-0.0256031782154057	-0.508457482869325	-1.49508136452214	-3.16289402996231	
2015/06/25 15:41:24.847	-0.0259637863592847	-0.509899915444841	-1.49472075637826	-3.18453051859504	
2015/06/25 15:41:24.848	-0.0263243945031636	-0.511702956164236	-1.49399954009051	-3.19498815476753	
2015/06/25 15:41:24.849	-0.0205546642011004	-0.513145388739751	-1.49904805410481	-3.21914890040742	
2015/06/25 15:41:24.850	-0.0241607456398899	-0.505572617718293	-1.49183589122723	-3.22888532029215	
2015/06/25 15:41:24.851	-0.023800137496011	-0.497639238552956	-1.49327832380275	-3.21085491309821	
2015/06/25 15:41:24.851	-0.0162273664745529	-0.500524103703988	-1.49868744596093	-3.12971808072544	
2015/06/25 15:41:24.852	-0.0209152723449793	-0.500163495560109	-1.4907540667956	-3.0756268591436	
2015/06/25 15:41:24.853	-0.0216364886327372	-0.495836197833562	-1.49327832380275	-3.05615401937413	
2015/06/25 15:41:24.854	-0.015506150186795	-0.485378561661072	-1.4889510260762	-2.97068988927482	
2015/06/25 15:41:24.855	-0.0126212850357634	-0.488984643099862	-1.49147528308335	-2.93895637261347	
2015/06/25 15:41:24.856	-0.0129818931796423	-0.485739169804951	-1.49940866224869	-2.90181373379394	
2015/06/25 15:41:24.857	-0.0187516234817056	-0.48609977794883	-1.50012987853645	-2.88378332659999	
2015/06/25 15:41:24.858	-0.0104576361724897	-0.481411872078404	-1.49363893194663	-2.89063488133369	
2015/06/25 15:41:24.859	-0.0111788524602476	-0.477805790639614	-1.49652379709766	-2.86070440539174	
2015/06/25 15:41:24.860	-0.00757277102145803	-0.472036060337551	-1.49544197266602	-2.85241041808253	
2015/06/25 15:41:24.861	-0.00396668958266849	-0.473839101056945	-1.48462372834965	-2.89928947678679	
2015/06/25 15:41:24.862	-0.000360608143878954	-0.470954235905914	-1.49652379709766	-3.00855374438211	
2015/06/25 15:41:24.863	-0.00504851401430536	-0.471675452193672	-1.49544197266602	-3.04569638320164	
2015/06/25 15:41:24.864	-0.000721216287757908	-0.466626938179366	-1.49327832380275	-3.07815111615075	
2015/06/25 15:41:24.865	-0.00504851401430536	-0.45508747757524	-1.49327832380275	-3.20220031764511	
2015/06/25 15:41:24.867	0.00180304071939477	-0.459414775301787	-1.50085109482421	-3.22203376555845	
2015/06/25 15:41:24.868	0.00216364886327372	-0.453284436855845	-1.49327832380275	-3.23177018544319	
2015/06/25 15:41:24.869	0.00649094658982117	-0.44823592284154	-1.49436014823439	-3.23826113203301	
2015/06/25 15:41:24.870	0.00540912215818431	-0.442105584395598	-1.48606616092517	-3.24655511934222	
2015/06/25 15:41:24.871	0.0137031094674003	-0.438138894812929	-1.49183589122723	-3.21590342711251	
2015/06/25 15:41:24.872	0.00685155473370013	-0.436696462237413	-1.49688440524154	-3.10231186179064	
2015/06/25 15:41:24.873	0.0111788524602476	-0.439941935532324	-1.4958025808099	-3.07346321028032	
2015/06/25 15:41:24.874	0.0133425013235213	-0.435254029661897	-1.48714798535681	-3.03199327373424	
2015/06/25 15:41:24.875	0.0227183130643741	-0.43092673193535	-1.48318129577414	-2.93282603416753	
2015/06/25 15:41:24.876	0.0284880433664374	-0.422272136482255	-1.48642676906905	-2.88775001618266	
2015/06/25 15:41:24.877	0.0266850026470426	-0.417944838755708	-1.48967224236396	-2.87693177186629	
2015/06/25 15:41:24.878	0.0295698677980742	-0.410732675878129	-1.48570555278129	-2.87981663701733	
2015/06/25 15:41:24.879	0.0331759492368638	-0.404241729288307	-1.48859041793232	-2.85709832395295	
2015/06/25 15:41:24.880	0.0432729772654745	-0.402438688568913	-1.48462372834965	-2.85385285065804	
2015/06/25 15:41:24.881	0.0382244632511691	-0.398111390842365	-1.48246007948638	-2.86286805425502	
2015/06/25 15:41:24.882	0.0432729772654745	-0.387653754669875	-1.49003285050784	-2.9454473192033	
2015/06/25 15:41:24.883	0.0432729772654745	-0.388374970957633	-1.49003285050784	-3.02369928642503	
2015/06/25 15:41:24.884	0.047239666848143	-0.389096187245391	-1.48822980978844	-3.04425395062613	
2015/06/25 15:41:24.885	0.0429123691215955	-0.392341660540302	-1.49147528308335	-3.12070287712847	
2015/06/25 15:41:24.886	0.0443548016971113	-0.382244632511691	-1.48570555278129	-3.18957903260935	
2015/06/25 15:41:24.887	0.0439941935532324	-0.376835510353507	-1.49399954009051	-3.23213079358706	
2015/06/25 15:41:24.888	0.0558942623012379	-0.376474902209628	-1.48859041793232	-3.25917640437799	
2015/06/25 15:41:24.889	0.0569760867328747	-0.36890213118817	-1.49111467493947	-3.26891282426272	
2015/06/25 15:41:24.890	0.0562548704451168	-0.364935441605501	-1.4907540667956	-3.26855221611884	
2015/06/25 15:41:24.891	0.0576973030206326	-0.362771792742228	-1.49003285050784	-3.25665214737083	
2015/06/25 15:41:24.892	0.0573366948767537	-0.35159294028198	-1.48931163422008	-3.1784001801491	
2015/06/25 15:41:24.893	0.0605821681716643	-0.350871723994222	-1.48931163422008	-3.11276949796313	
2015/06/25 15:41:24.893	0.0587791274522695	-0.345823209979917	-1.48606616092517	-3.09293605004979	
2015/06/25 15:41:24.894	0.0652700740420907	-0.343659561116643	-1.48822980978844	-3.0190113805546	
2015/06/25 15:41:24.895	0.0677943310492434	-0.336086790095185	-1.48354190391802	-2.9573473879513	
2015/06/25 15:41:24.896	0.0688761554808802	-0.333923141231911	-1.4889510260762	-2.90686224780825	
2015/06/25 15:41:24.897	0.078612575365612	-0.318056382901237	-1.4839025120619	-2.86935900084484	
2015/06/25 15:41:24.899	0.0818580486605226	-0.313007868886932	-1.4820994713425	-2.87044082527647	
2015/06/25 15:41:24.900	0.0840216975237963	-0.316974558469601	-1.48318129577414	-2.86935900084484	
2015/06/25 15:41:24.901	0.0814974405166436	-0.304713881577716	-1.48750859350069	-2.90578042337661	
2015/06/25 15:41:24.902	0.0912338604013754	-0.295338069836863	-1.48462372834965	-3.00891435252599	
2015/06/25 15:41:24.903	0.0879883871064648	-0.291371380254195	-1.48426312020577	-3.0395660447557	
2015/06/25 15:41:24.904	0.0980854151350755	-0.289207731390921	-1.47993582247923	-3.07490564285584	
2015/06/25 15:41:24.905	0.0973641988473176	-0.290289555822558	-1.48714798535681	-3.17443349056643	
2015/06/25 15:41:24.906	0.102052104717744	-0.282356176657221	-1.48065703876698	-3.21914890040742	
2015/06/25 15:41:24.907	0.100249063998349	-0.278389487074552	-1.48426312020577	-3.22347619813397	
2015/06/25 15:41:24.908	0.104215753581018	-0.277307662642916	-1.47669034918432	-3.24727633562998	
2015/06/25 15:41:24.909	0.102773321005502	-0.272980364916368	-1.49255710751499	-3.26494613468005	
2015/06/25 15:41:24.910	0.103133929149381	-0.26540759389491	-1.48282068763026	-3.28622201516891	
2015/06/25 15:41:24.911	0.102773321005502	-0.264686377607152	-1.4839025120619	-3.23573687502585	
2015/06/25 15:41:24.912	0.111427916458597	-0.255671174010178	-1.48246007948638	-3.1354878110275	
2015/06/25 15:41:24.913	0.111427916458597	-0.252065092571389	-1.47885399804759	-3.10519672694167	
2015/06/25 15:41:24.914	0.117918863048418	-0.242689280830536	-1.48426312020577	-3.07815111615075	
2015/06/25 15:41:24.915	0.119000687480055	-0.241607456398899	-1.47957521433535	-2.98583543131774	
2015/06/25 15:41:24.916	0.126212850357634	-0.238361983103989	-1.48714798535681	-2.93967758890123	
2015/06/25 15:41:24.917	0.122246160774965	-0.23439529352132	-1.4907540667956	-2.92561387128995	
2015/06/25 15:41:24.918	0.119000687480055	-0.235477117952957	-1.49111467493947	-2.92597447943383	
2015/06/25 15:41:24.919	0.122967377062723	-0.233313469089683	-1.4889510260762	-2.91984414098789	
2015/06/25 15:41:24.920	0.125491634069876	-0.228625563219257	-1.49183589122723	-2.92020474913177	
2015/06/25 15:41:24.921	0.12404920149436	-0.225019481780467	-1.48822980978844	-2.92164718170728	
2015/06/25 15:41:24.922	0.128737107364787	-0.212758804888583	-1.48606616092517	-2.99953854078514	
2015/06/25 15:41:24.923	0.129458323652544	-0.217446710759009	-1.4889510260762	-3.06084192524456	
2015/06/25 15:41:24.924	0.135588662098487	-0.217807318902888	-1.49183589122723	-3.07815111615075	
2015/06/25 15:41:24.925	0.138473527249518	-0.21708610261513	-1.49183589122723	-3.15423943450921	
2015/06/25 15:41:24.926	0.134867445810729	-0.204464817579367	-1.48859041793232	-3.21878829226354	
2015/06/25 15:41:24.927	0.138473527249518	-0.201219344284456	-1.49327832380275	-3.2537672822198	
2015/06/25 15:41:24.928	0.135228053954608	-0.192204140687482	-1.48498433649353	-3.2674703916872	
2015/06/25 15:41:24.929	0.139915959825034	-0.190401099968088	-1.48606616092517	-3.2811735011546	
2015/06/25 15:41:24.930	0.139194743537276	-0.190040491824209	-1.49003285050784	-3.24943998449325	
2015/06/25 15:41:24.932	0.135228053954608	-0.19292535697524	-1.48678737721293	-3.18453051859504	
2015/06/25 15:41:24.933	0.146046298270976	-0.196170830270151	-1.49003285050784	-3.1167361875458	
2015/06/25 15:41:24.934	0.143522041263824	-0.191122316255846	-1.48931163422008	-3.0961815233447	
2015/06/25 15:41:24.935	0.143522041263824	-0.183549545234388	-1.47993582247923	-3.01143860953314	
2015/06/25 15:41:24.935	0.143522041263824	-0.186434410385419	-1.48426312020577	-2.95518373908803	
2015/06/25 15:41:24.936	0.14496447383934	-0.18607380224154	-1.48246007948638	-2.9180411002685	
2015/06/25 15:41:24.937	0.147488730846492	-0.181025288227235	-1.48678737721293	-2.9025349500817	
2015/06/25 15:41:24.938	0.147849338990371	-0.177779814932324	-1.48642676906905	-2.89351974648473	
2015/06/25 15:41:24.939	0.150373595997524	-0.181025288227235	-1.48570555278129	-2.89315913834085	
2015/06/25 15:41:24.940	0.148931163422008	-0.183188937090509	-1.48714798535681	-2.87584994743466	
2015/06/25 15:41:24.941	0.143522041263824	-0.182467720802751	-1.48786920164456	-2.91948353284401	
2015/06/25 15:41:24.942	0.139194743537276	-0.187876842960935	-1.50121170296809	-3.03740239589243	
2015/06/25 15:41:24.943	0.139194743537276	-0.187516234817056	-1.49796622967317	-3.07274199399257	
2015/06/25 15:41:24.944	0.140997784256671	-0.189319275536451	-1.4976056215293	-3.11962105269683	
2015/06/25 15:41:24.945	0.136670486530124	-0.188237451104814	-1.49399954009051	-3.19318511404814	
2015/06/25 15:41:24.946	0.135588662098487	-0.190761708111967	-1.50337535183136	-3.25268545778816	
2015/06/25 15:41:24.947	0.139194743537276	-0.183910153378267	-1.49940866224869	-3.2761249871403	
2015/06/25 15:41:24.948	0.138112919105639	-0.189319275536451	-1.49832683781705	-3.28081289301072	
2015/06/25 15:41:24.949	0.140276567968913	-0.188958667392572	-1.49255710751499	-3.30569485493837	
2015/06/25 15:41:24.950	0.138112919105639	-0.196170830270151	-1.49436014823439	-3.30028573278019	
2015/06/25 15:41:24.951	0.131621972515818	-0.195449613982393	-1.49868744596093	-3.26134005324126	
2015/06/25 15:41:24.952	0.123327985206602	-0.199776911708941	-1.50373595997524	-3.17767896386134	
2015/06/25 15:41:24.953	0.122246160774965	-0.200498127996698	-1.5095056902773	-3.12430895856726	
2015/06/25 15:41:24.954	0.125491634069876	-0.209873939737551	-1.50914508213342	-3.08969057675488	
2015/06/25 15:41:24.955	0.116837038616781	-0.214561845607978	-1.50734204141403	-2.99665367563411	
2015/06/25 15:41:24.956	0.120443120055571	-0.217807318902888	-1.50626021698239	-2.93787454818184	
2015/06/25 15:41:24.957	0.115394606041265	-0.216364886327372	-1.50481778440687	-2.92345022242668	
2015/06/25 15:41:24.958	0.107100618732049	-0.22393765734883	-1.51419359614773	-2.9093865048154	
2015/06/25 15:41:24.959	0.100970280286107	-0.233674077233562	-1.51527542057936	-2.87981663701733	
2015/06/25 15:41:24.960	0.105297578012655	-0.236558942384594	-1.51166933914057	-2.87837420444181	
2015/06/25 15:41:24.961	0.0995278477105913	-0.242328672686657	-1.51671785315488	-2.88630758360715	
2015/06/25 15:41:24.962	0.078251967221733	-0.263243945031636	-1.52429062417634	-3.00963556881375	
2015/06/25 15:41:24.964	0.0822186568044015	-0.268653067189821	-1.52933913819064	-3.02910840858321	
2015/06/25 15:41:24.965	0.0796943997972488	-0.280553135937826	-1.52248758345694	-3.1286362562938	
2015/06/25 15:41:24.966	0.0753671020707014	-0.286322866239889	-1.52825731375901	-3.18272747787565	
2015/06/25 15:41:24.967	0.0663518984737275	-0.2964198942685	-1.52933913819064	-3.21554281896863	
2015/06/25 15:41:24.968	0.0641882496104538	-0.301468408282806	-1.52573305675185	-3.22491863070949	
2015/06/25 15:41:24.969	0.0631064251788169	-0.302550232714442	-1.52573305675185	-3.24583390305446	
2015/06/25 15:41:24.970	0.0587791274522695	-0.314450301462448	-1.5250118404641	-3.24511268676671	
2015/06/25 15:41:24.971	0.0576973030206326	-0.315171517750206	-1.52573305675185	-3.24042478089628	
2015/06/25 15:41:24.972	0.0587791274522695	-0.325629153922695	-1.52825731375901	-3.16217281367455	
2015/06/25 15:41:24.973	0.0483214912797798	-0.340053479677854	-1.53546947663659	-3.09690273963246	
2015/06/25 15:41:24.974	0.0342577736685006	-0.344380777404401	-1.53114217891004	-3.06408739853947	
2015/06/25 15:41:24.975	0.03101230037359	-0.358083886871801	-1.54123920693865	-3.01107800138927	
2015/06/25 15:41:24.976	0.0266850026470426	-0.362411184598349	-1.54268163951417	-2.92813812829711	
2015/06/25 15:41:24.976	0.0266850026470426	-0.366377874181017	-1.53763312549986	-2.89856826049903	
2015/06/25 15:41:24.977	0.0223577049204951	-0.369623347475928	-1.53078157076616	-2.88594697546327	
2015/06/25 15:41:24.978	0.015506150186795	-0.38621132209436	-1.5318633951978	-2.87584994743466	
2015/06/25 15:41:24.979	0.0151455420429161	-0.382965848799449	-1.53438765220495	-2.85709832395295	
2015/06/25 15:41:24.980	0.0115394606041265	-0.398111390842365	-1.5369119092121	-2.8614256216795	
2015/06/25 15:41:24.981	0.00865459545309489	-0.397390174554607	-1.53546947663659	-2.90830468038376	
2015/06/25 15:41:24.982	0.00180304071939477	-0.404241729288307	-1.53366643591719	-3.00422644665557	
2015/06/25 15:41:24.983	-0.00324547329491059	-0.419747879475102	-1.54015738250701	-3.03595996331691	
2015/06/25 15:41:24.984	-0.0162273664745529	-0.441744976251719	-1.54340285580192	-3.08211780573342	
2015/06/25 15:41:24.985	-0.0219970967766162	-0.444269233258871	-1.54845136981623	-3.16217281367455	
2015/06/25 15:41:24.986	-0.0223577049204951	-0.445351057690508	-1.54917258610399	-3.20328214207675	
2015/06/25 15:41:24.987	-0.0263243945031636	-0.446793490266024	-1.54448468023356	-3.21121552124208	
2015/06/25 15:41:24.988	-0.0266850026470426	-0.457611734582393	-1.55277866754278	-3.214460994537	
2015/06/25 15:41:24.989	-0.0342577736685006	-0.467348154467124	-1.54845136981623	-3.23104896915543	
2015/06/25 15:41:24.990	-0.0375032469634112	-0.478527006927372	-1.54953319424787	-3.22383680627785	
2015/06/25 15:41:24.991	-0.0436335854093534	-0.474560317344703	-1.54520589652132	-3.18885781632159	
2015/06/25 15:41:24.992	-0.0486820994236588	-0.485017953517193	-1.54232103137029	-3.08536327902833	
2015/06/25 15:41:24.993	-0.0457972342726272	-0.490427075675377	-1.54051799065089	-3.05579341123026	
2015/06/25 15:41:24.994	-0.0450760179848692	-0.494754373401925	-1.53763312549986	-2.91155015367867	
2015/06/25 15:41:24.996	-0.0522881808624483	-0.501966536279504	-1.53366643591719	-2.86935900084484	
2015/06/25 15:41:24.997	-0.0555336541573589	-0.510621131732599	-1.52897853004676	-2.86394987868665	
2015/06/25 15:41:24.998	-0.0634670333226959	-0.523242416768362	-1.54232103137029	-2.839067916759	
2015/06/25 15:41:24.999	-0.0656306821859696	-0.527209106351031	-1.53655130106822	-2.81238291411196	
2015/06/25 15:41:25.000	-0.0656306821859696	-0.532257620365336	-1.54123920693865	-2.8203162932773	
2015/06/25 15:41:25.001	-0.0688761554808802	-0.539469783242915	-1.53402704406107	-2.8322163620253	
2015/06/25 15:41:25.002	-0.070318588056396	-0.545960729832736	-1.54015738250701	-2.90001069307455	
2015/06/25 15:41:25.003	-0.0735640613513066	-0.544157689113342	-1.5369119092121	-2.99088394533204	
2015/06/25 15:41:25.004	-0.0688761554808802	-0.544518297257221	-1.53438765220495	-3.02045381313012	
2015/06/25 15:41:25.005	-0.0677943310492434	-0.54812437869601	-1.53366643591719	-3.09401787448142	
2015/06/25 15:41:25.006	-0.0717610206319118	-0.547763770552131	-1.53114217891004	-3.1715486254154	
2015/06/25 15:41:25.007	-0.078251967221733	-0.5585820148685	-1.5300603544784	-3.1921032896165	
2015/06/25 15:41:25.008	-0.085824738243191	-0.563269920738926	-1.53258461148555	-3.19282450590426	
2015/06/25 15:41:25.009	-0.0789731835094909	-0.570482083616505	-1.53583008478047	-3.22527923885336	
2015/06/25 15:41:25.010	-0.0843823056676752	-0.564712353314442	-1.53114217891004	-3.23177018544319	
2015/06/25 15:41:25.011	-0.08618534638707	-0.566154785889958	-1.53474826034883	-3.22744288771664	
2015/06/25 15:41:25.012	-0.0843823056676752	-0.571563908048142	-1.52104515088143	-3.15496065079697	
2015/06/25 15:41:25.013	-0.0905126441136174	-0.580939719788995	-1.52681488118349	-3.06841469626602	
2015/06/25 15:41:25.014	-0.0915944685452543	-0.58274276050839	-1.52933913819064	-3.05579341123026	
2015/06/25 15:41:25.015	-0.0962823744156807	-0.587791274522695	-1.53078157076616	-2.97501718700137	
2015/06/25 15:41:25.016	-0.0948399418401649	-0.595364045544153	-1.53330582777331	-2.90397738265722	
2015/06/25 15:41:25.017	-0.0998884558544703	-0.593921612968637	-1.52537244860798	-2.88306211031224	
2015/06/25 15:41:25.018	-0.0952005499840438	-0.587791274522695	-1.52861792190289	-2.86034379724786	
2015/06/25 15:41:25.018	-0.0977248069911965	-0.589954923385969	-1.52645427303961	-2.83257697016918	
2015/06/25 15:41:25.019	-0.0919550766891333	-0.591036747817606	-1.52645427303961	-2.81274352225584	
2015/06/25 15:41:25.020	-0.102412712861623	-0.594282221112516	-1.52068454273755	-2.82320115842833	
2015/06/25 15:41:25.021	-0.0988066314228334	-0.598970126982943	-1.52068454273755	-2.85241041808253	
2015/06/25 15:41:25.022	-0.10349453729326	-0.595003437400274	-1.52140575902531	-2.94833218435433	
2015/06/25 15:41:25.023	-0.0955611581279228	-0.601494383990095	-1.51707846129876	-2.9984567163535	
2015/06/25 15:41:25.024	-0.0879883871064648	-0.58959431524209	-1.50121170296809	-3.00855374438211	
2015/06/25 15:41:25.025	-0.094118725552407	-0.590315531529848	-1.50229352739972	-3.10591794322943	
2015/06/25 15:41:25.026	-0.0944793336962859	-0.597888302551306	-1.50986629842118	-3.16000916481127	
2015/06/25 15:41:25.028	-0.0933975092646491	-0.600412559558458	-1.50337535183136	-3.18885781632159	
2015/06/25 15:41:25.029	-0.0901520359697385	-0.597167086263548	-1.50698143327015	-3.21482160268087	
2015/06/25 15:41:25.030	-0.0883489952503437	-0.599330735126821	-1.50337535183136	-3.23104896915543	
2015/06/25 15:41:25.031	-0.0944793336962859	-0.593200396680879	-1.50012987853645	-3.18056382901237	
2015/06/25 15:41:25.032	-0.0959217662718018	-0.600412559558458	-1.49940866224869	-3.0943784826253	
2015/06/25 15:41:25.033	-0.0879883871064648	-0.600412559558458	-1.50517839255075	-3.05687523566189	
2015/06/25 15:41:25.034	-0.0980854151350755	-0.607985330579916	-1.50085109482421	-3.02550232714442	
2015/06/25 15:41:25.035	-0.0933975092646491	-0.608706546867674	-1.50085109482421	-2.93498968303081	
2015/06/25 15:41:25.036	-0.0926762929768912	-0.608706546867674	-1.50301474368748	-2.8888318406143	
2015/06/25 15:41:25.037	-0.0980854151350755	-0.611952020162585	-1.50626021698239	-2.88955305690206	
2015/06/25 15:41:25.038	-0.100609672142228	-0.610870195730948	-1.50157231111196	-2.87296508228363	
2015/06/25 15:41:25.039	-0.100970280286107	-0.609067155011553	-1.49868744596093	-2.84014974119064	
2015/06/25 15:41:25.040	-0.0988066314228334	-0.613033844594222	-1.50626021698239	-2.82861028058651	
2015/06/25 15:41:25.041	-0.103855145437139	-0.617721750464648	-1.49976927039257	-2.85709832395295	
2015/06/25 15:41:25.042	-0.100970280286107	-0.612673236450343	-1.49652379709766	-2.9248926550022	
2015/06/25 15:41:25.043	-0.0980854151350755	-0.609427763155432	-1.49688440524154	-3.00494766294332	
2015/06/25 15:41:25.044	-0.0955611581279228	-0.616279317889132	-1.50409656811912	-3.01612651540357	
2015/06/25 15:41:25.045	-0.0980854151350755	-0.614476277169738	-1.49544197266602	-3.07418442656808	
2015/06/25 15:41:25.046	-0.0977248069911965	-0.607264114292159	-1.49003285050784	-3.16253342181843	
2015/06/25 15:41:25.047	-0.0988066314228334	-0.608345938723795	-1.49796622967317	-3.18597295117056	
2015/06/25 15:41:25.048	-0.0919550766891333	-0.610509587587069	-1.49652379709766	-3.19318511404814	
2015/06/25 15:41:25.049	-0.0944793336962859	-0.609788371299311	-1.49472075637826	-3.21410038639312	
2015/06/25 15:41:25.050	-0.100249063998349	-0.612673236450343	-1.48859041793232	-3.21229734567372	
2015/06/25 15:41:25.051	-0.0977248069911965	-0.610870195730948	-1.49508136452214	-3.20364275022063	
2015/06/25 15:41:25.052	-0.0980854151350755	-0.611591412018706	-1.49147528308335	-3.1286362562938	
2015/06/25 15:41:25.053	-0.103133929149381	-0.609427763155432	-1.49688440524154	-3.04894185649656	
2015/06/25 15:41:25.054	-0.0988066314228334	-0.614115669025859	-1.49183589122723	-3.03704178774855	
2015/06/25 15:41:25.055	-0.0991672395667123	-0.613394452738101	-1.48570555278129	-2.95374130651251	
2015/06/25 15:41:25.056	-0.0926762929768912	-0.612673236450343	-1.49111467493947	-2.89388035462861	
2015/06/25 15:41:25.057	-0.0962823744156807	-0.610509587587069	-1.49183589122723	-2.86034379724786	
2015/06/25 15:41:25.058	-0.0948399418401649	-0.613033844594222	-1.49291771565887	-2.85529528323356	
2015/06/25 15:41:25.059	-0.0977248069911965	-0.607985330579916	-1.49111467493947	-2.81130108968032	
2015/06/25 15:41:25.060	-0.0970035907034386	-0.611591412018706	-1.49363893194663	-2.83582244346409	
2015/06/25 15:41:25.061	-0.0973641988473176	-0.611952020162585	-1.49940866224869	-2.91046832924704	
2015/06/25 15:41:25.062	-0.104576361724897	-0.616639926033011	-1.49327832380275	-2.96996867298706	
2015/06/25 15:41:25.063	-0.0948399418401649	-0.607624722436037	-1.48678737721293	-3.02009320498624	
2015/06/25 15:41:25.064	-0.0959217662718018	-0.613033844594222	-1.48462372834965	-3.0345175307414	
2015/06/25 15:41:25.065	-0.0959217662718018	-0.610509587587069	-1.48786920164456	-3.14053632504181	
2015/06/25 15:41:25.066	-0.0966429825595597	-0.601133775846216	-1.48786920164456	-3.20724883165942	
2015/06/25 15:41:25.067	-0.0923156848330122	-0.595003437400274	-1.48606616092517	-3.21987011669518	
2015/06/25 15:41:25.068	-0.0984460232789544	-0.60329742470949	-1.4907540667956	-3.21734585968803	
2015/06/25 15:41:25.069	-0.0944793336962859	-0.593200396680879	-1.48534494463741	-3.23393383430646	
2015/06/25 15:41:25.070	-0.0930369011207701	-0.600773167702337	-1.48354190391802	-3.24475207862283	
2015/06/25 15:41:25.071	-0.0887096033942227	-0.602936816565611	-1.48750859350069	-3.20724883165942	
2015/06/25 15:41:25.072	-0.0955611581279228	-0.59644586997579	-1.49003285050784	-3.10663915951719	
2015/06/25 15:41:25.073	-0.0905126441136174	-0.60690350614828	-1.48967224236396	-3.04966307278431	
2015/06/25 15:41:25.074	-0.0955611581279228	-0.598248910695185	-1.48678737721293	-3.02225685384951	
2015/06/25 15:41:25.075	-0.0988066314228334	-0.601494383990095	-1.49003285050784	-2.93607150746244	
2015/06/25 15:41:25.076	-0.0955611581279228	-0.605821681716643	-1.4907540667956	-2.87873481258569	
2015/06/25 15:41:25.077	-0.0912338604013754	-0.603658032853369	-1.49399954009051	-2.85349224251416	
2015/06/25 15:41:25.078	-0.0955611581279228	-0.600773167702337	-1.49544197266602	-2.84411643077331	
2015/06/25 15:41:25.079	-0.0973641988473176	-0.60690350614828	-1.48714798535681	-2.82175872585281	
2015/06/25 15:41:25.080	-0.0912338604013754	-0.604018640997248	-1.49399954009051	-2.80156466979559	
2015/06/25 15:41:25.081	-0.0894308196819806	-0.600412559558458	-1.49652379709766	-2.85818014838459	
2015/06/25 15:41:25.082	-0.0908732522574964	-0.604739857285006	-1.4958025808099	-2.94075941333287	
2015/06/25 15:41:25.083	-0.0894308196819806	-0.602576208421732	-1.49544197266602	-2.97393536256973	
2015/06/25 15:41:25.084	-0.0908732522574964	-0.597167086263548	-1.49399954009051	-3.00278401408005	
2015/06/25 15:41:25.085	-0.0894308196819806	-0.590315531529848	-1.48859041793232	-3.07742989986299	
2015/06/25 15:41:25.086	-0.0962823744156807	-0.593921612968637	-1.49652379709766	-3.14017571689793	
2015/06/25 15:41:25.087	-0.0869065626748279	-0.592839788537	-1.49255710751499	-3.18416991045116	
2015/06/25 15:41:25.088	-0.0894308196819806	-0.593921612968637	-1.49183589122723	-3.18380930230728	
2015/06/25 15:41:25.089	-0.0894308196819806	-0.594282221112516	-1.4889510260762	-3.21157612938596	
2015/06/25 15:41:25.090	-0.0851035219554331	-0.592118572249242	-1.49363893194663	-3.22203376555845	
2015/06/25 15:41:25.091	-0.0865459545309489	-0.591757964105363	-1.49147528308335	-3.14269997390508	
2015/06/25 15:41:25.093	-0.0814974405166436	-0.591397355961484	-1.48642676906905	-3.07779050800687	
2015/06/25 15:41:25.094	-0.0883489952503437	-0.596806478119669	-1.49688440524154	-3.06552983111499	
2015/06/25 15:41:25.095	-0.0890702115381016	-0.591036747817606	-1.49832683781705	-2.99052333718816	
2015/06/25 15:41:25.096	-0.0793337916533699	-0.593200396680879	-1.49147528308335	-2.91768049212462	
2015/06/25 15:41:25.097	-0.0915944685452543	-0.592839788537	-1.4907540667956	-2.88161967773672	
2015/06/25 15:41:25.098	-0.0879883871064648	-0.593561004824758	-1.49183589122723	-2.87224386599587	
2015/06/25 15:41:25.099	-0.0901520359697385	-0.589233707098211	-1.49544197266602	-2.85529528323356	
2015/06/25 15:41:25.100	-0.0930369011207701	-0.591036747817606	-1.49363893194663	-2.84051034933452	
2015/06/25 15:41:25.101	-0.0865459545309489	-0.589233707098211	-1.49291771565887	-2.84519825520495	
2015/06/25 15:41:25.101	-0.0869065626748279	-0.591036747817606	-1.49904805410481	-2.91731988398074	
2015/06/25 15:41:25.102	-0.0905126441136174	-0.588873098954332	-1.49796622967317	-2.96996867298706	
2015/06/25 15:41:25.103	-0.0771701427900961	-0.580579111645116	-1.49544197266602	-3.0139628665403	
2015/06/25 15:41:25.104	-0.0717610206319118	-0.577694246494084	-1.4907540667956	-3.04317212619449	
2015/06/25 15:41:25.105	-0.0670731147614854	-0.576251813918568	-1.48426312020577	-3.12322713413562	
2015/06/25 15:41:25.106	-0.0775307509339751	-0.582021544220632	-1.48498433649353	-3.17407288242255	
2015/06/25 15:41:25.107	-0.0728428450635487	-0.584545801227784	-1.48786920164456	-3.20220031764511	
2015/06/25 15:41:25.108	-0.0739246694951856	-0.584185193083905	-1.48318129577414	-3.20472457465226	
2015/06/25 15:41:25.109	-0.0732034532074277	-0.574809381343053	-1.4889510260762	-3.20977308866657	
2015/06/25 15:41:25.110	-0.0728428450635487	-0.577333638350205	-1.48678737721293	-3.21987011669518	
2015/06/25 15:41:25.111	-0.0717610206319118	-0.571924516192021	-1.48750859350069	-3.18416991045116	
2015/06/25 15:41:25.112	-0.0775307509339751	-0.573006340623658	-1.48786920164456	-3.07310260213645	
2015/06/25 15:41:25.113	-0.0685155473370013	-0.574448773199174	-1.48534494463741	-3.05543280308638	
2015/06/25 15:41:25.114	-0.0685155473370013	-0.577333638350205	-1.48354190391802	-3.02442050271279	
2015/06/25 15:41:25.115	-0.070318588056396	-0.577694246494084	-1.48570555278129	-2.9230896142828	
2015/06/25 15:41:25.116	-0.0764489265023382	-0.58274276050839	-1.49183589122723	-2.88342271845612	
2015/06/25 15:41:25.117	-0.0714004124880329	-0.581300327932874	-1.49147528308335	-2.85204980993865	
2015/06/25 15:41:25.118	-0.0724822369196698	-0.584906409371663	-1.49183589122723	-2.85313163437028	
2015/06/25 15:41:25.119	-0.0732034532074277	-0.579857895357358	-1.48822980978844	-2.82103750956506	
2015/06/25 15:41:25.120	-0.0670731147614854	-0.573727556911416	-1.4889510260762	-2.83438001088858	
2015/06/25 15:41:25.121	-0.0685155473370013	-0.569400259184868	-1.48967224236396	-2.84844372849986	
2015/06/25 15:41:25.122	-0.0688761554808802	-0.569760867328747	-1.48318129577414	-2.96492015897276	
2015/06/25 15:41:25.123	-0.0688761554808802	-0.562548704451168	-1.48642676906905	-3.00458705479944	
2015/06/25 15:41:25.125	-0.070318588056396	-0.56182748816341	-1.48642676906905	-3.08824814417936	
2015/06/25 15:41:25.126	-0.0692367636247592	-0.571563908048142	-1.48282068763026	-3.17515470685419	
2015/06/25 15:41:25.127	-0.0681549391931223	-0.565794177746079	-1.48498433649353	-3.21085491309821	
2015/06/25 15:41:25.128	-0.0717610206319118	-0.570482083616505	-1.48570555278129	-3.22167315741457	
2015/06/25 15:41:25.129	-0.0649094658982117	-0.567236610321595	-1.48462372834965	-3.2350156587381	
2015/06/25 15:41:25.130	-0.0670731147614854	-0.56867904289711	-1.48570555278129	-3.24619451119834	
2015/06/25 15:41:25.131	-0.0692367636247592	-0.570842691760384	-1.4889510260762	-3.24330964604731	
2015/06/25 15:41:25.132	-0.0688761554808802	-0.564712353314442	-1.48534494463741	-3.17190923355928	
2015/06/25 15:41:25.133	-0.070318588056396	-0.570842691760384	-1.4889510260762	-3.06769347997826	
2015/06/25 15:41:25.134	-0.0685155473370013	-0.567236610321595	-1.48642676906905	-3.06300557410783	
2015/06/25 15:41:25.135	-0.0750064939268224	-0.568318434753231	-1.48534494463741	-2.98872029646877	
2015/06/25 15:41:25.136	-0.0659912903298486	-0.572645732479779	-1.48606616092517	-2.91443501882971	
2015/06/25 15:41:25.137	-0.0667125066176065	-0.566154785889958	-1.48822980978844	-2.86431048683053	
2015/06/25 15:41:25.138	-0.0681549391931223	-0.56867904289711	-1.48534494463741	-2.86394987868665	
2015/06/25 15:41:25.139	-0.0699579799125171	-0.56867904289711	-1.49363893194663	-2.83870730861513	
2015/06/25 15:41:25.140	-0.070679196200275	-0.570482083616505	-1.48318129577414	-2.82103750956506	
2015/06/25 15:41:25.141	-0.0659912903298486	-0.565794177746079	-1.48498433649353	-2.82247994214057	
2015/06/25 15:41:25.142	-0.0656306821859696	-0.576251813918568	-1.48498433649353	-2.89856826049903	
2015/06/25 15:41:25.143	-0.0699579799125171	-0.566154785889958	-1.48678737721293	-2.9728535381381	
2015/06/25 15:41:25.143	-0.0685155473370013	-0.560024447444016	-1.48931163422008	-3.00134158150453	
2015/06/25 15:41:25.144	-0.0631064251788169	-0.559663839300137	-1.49111467493947	-3.02369928642503	
2015/06/25 15:41:25.145	-0.0562548704451168	-0.56182748816341	-1.48137825505474	-3.13620902731526	
2015/06/25 15:41:25.146	-0.0645488577543327	-0.557860798580742	-1.4839025120619	-3.17912139643686	
2015/06/25 15:41:25.147	-0.062385208891059	-0.555336541573589	-1.48931163422008	-3.19643058734305	
2015/06/25 15:41:25.148	-0.0598609518839064	-0.557139582292984	-1.48606616092517	-3.20400335836451	
2015/06/25 15:41:25.149	-0.0595003437400274	-0.559303231156258	-1.47993582247923	-3.24907937634937	
2015/06/25 15:41:25.150	-0.0616639926033011	-0.560385055587894	-1.48498433649353	-3.23104896915543	
2015/06/25 15:41:25.151	-0.0692367636247592	-0.560024447444016	-1.49219649937111	-3.19967606063796	
2015/06/25 15:41:25.152	-0.0605821681716643	-0.558221406724621	-1.49039345865172	-3.11637557940192	
2015/06/25 15:41:25.153	-0.0602215600277853	-0.557139582292984	-1.48606616092517	-3.07490564285584	
2015/06/25 15:41:25.154	-0.0638276414665748	-0.557139582292984	-1.4889510260762	-3.04245090990673	
2015/06/25 15:41:25.155	-0.0613033844594222	-0.555336541573589	-1.49003285050784	-2.88991366504594	
2015/06/25 15:41:25.157	-0.062745817034938	-0.559303231156258	-1.49039345865172	-2.87765298815405	
2015/06/25 15:41:25.158	-0.0576973030206326	-0.557139582292984	-1.49508136452214	-2.86971960898872	
2015/06/25 15:41:25.159	-0.0595003437400274	-0.560385055587894	-1.49327832380275	-2.84808312035598	
2015/06/25 15:41:25.160	-0.0685155473370013	-0.555697149717468	-1.49291771565887	-2.84267399819779	
2015/06/25 15:41:25.161	-0.0631064251788169	-0.5585820148685	-1.49147528308335	-2.86683474383768	
2015/06/25 15:41:25.162	-0.0595003437400274	-0.555697149717468	-1.49111467493947	-2.96383833454112	
2015/06/25 15:41:25.163	-0.0638276414665748	-0.560024447444016	-1.49832683781705	-3.00278401408005	
2015/06/25 15:41:25.164	-0.0645488577543327	-0.558942623012379	-1.4958025808099	-3.01865077241072	
2015/06/25 15:41:25.165	-0.0663518984737275	-0.557860798580742	-1.49183589122723	-3.07706929171911	
2015/06/25 15:41:25.166	-0.0681549391931223	-0.561466880019531	-1.50012987853645	-3.15387882636533	
2015/06/25 15:41:25.167	-0.0663518984737275	-0.553533500854194	-1.49436014823439	-3.18669416745832	
2015/06/25 15:41:25.168	-0.0620246007471801	-0.563630528882805	-1.50193291925584	-3.18957903260935	
2015/06/25 15:41:25.169	-0.0613033844594222	-0.555697149717468	-1.49255710751499	-3.22023072483906	
2015/06/25 15:41:25.170	-0.0638276414665748	-0.556418366005226	-1.49399954009051	-3.2332126180187	
2015/06/25 15:41:25.171	-0.0605821681716643	-0.557860798580742	-1.49688440524154	-3.19823362806244	
2015/06/25 15:41:25.172	-0.0634670333226959	-0.557860798580742	-1.4958025808099	-3.14810909606327	
2015/06/25 15:41:25.173	-0.0645488577543327	-0.558221406724621	-1.4907540667956	-3.05831766823741	
2015/06/25 15:41:25.174	-0.0634670333226959	-0.559663839300137	-1.49183589122723	-3.04317212619449	
2015/06/25 15:41:25.175	-0.0677943310492434	-0.554615325285831	-1.49436014823439	-2.97862326844016	
2015/06/25 15:41:25.176	-0.062385208891059	-0.560024447444016	-1.49472075637826	-2.91876231655625	
2015/06/25 15:41:25.177	-0.0645488577543327	-0.556778974149105	-1.49147528308335	-2.86394987868665	
2015/06/25 15:41:25.178	-0.0641882496104538	-0.563630528882805	-1.49544197266602	-2.87548933929078	
2015/06/25 15:41:25.179	-0.0638276414665748	-0.5517304601348	-1.49688440524154	-2.85421345880192	
2015/06/25 15:41:25.180	-0.062385208891059	-0.555336541573589	-1.49796622967317	-2.85241041808253	
2015/06/25 15:41:25.181	-0.0634670333226959	-0.560385055587894	-1.49003285050784	-2.85565589137744	
2015/06/25 15:41:25.182	-0.0580579111645116	-0.5585820148685	-1.48426312020577	-2.90145312565006	
2015/06/25 15:41:25.183	-0.0670731147614854	-0.560745663731773	-1.48714798535681	-3.01035678510151	
2015/06/25 15:41:25.184	-0.0613033844594222	-0.555336541573589	-1.48606616092517	-3.02802658415158	
2015/06/25 15:41:25.185	-0.0645488577543327	-0.561466880019531	-1.48750859350069	-3.05182672164759	
2015/06/25 15:41:25.185	-0.0638276414665748	-0.561466880019531	-1.48822980978844	-3.13981510875405	
2015/06/25 15:41:25.186	-0.0591397355961484	-0.553533500854194	-1.49147528308335	-3.18597295117056	
2015/06/25 15:41:25.187	-0.0645488577543327	-0.554615325285831	-1.49688440524154	-3.20652761537166	
2015/06/25 15:41:25.189	-0.0674337229053644	-0.553533500854194	-1.49399954009051	-3.23717930760137	
2015/06/25 15:41:25.190	-0.0663518984737275	-0.555697149717468	-1.49832683781705	-3.24078538904016	
2015/06/25 15:41:25.191	-0.0656306821859696	-0.554254717141952	-1.49688440524154	-3.22527923885336	
2015/06/25 15:41:25.192	-0.0641882496104538	-0.560024447444016	-1.50121170296809	-3.12286652599174	
2015/06/25 15:41:25.193	-0.0631064251788169	-0.552091068278679	-1.4889510260762	-3.06552983111499	
2015/06/25 15:41:25.194	-0.0670731147614854	-0.556057757861347	-1.49724501338542	-3.03487813888528	
2015/06/25 15:41:25.195	-0.062385208891059	-0.554615325285831	-1.48967224236396	-2.94833218435433	
2015/06/25 15:41:25.196	-0.0620246007471801	-0.559303231156258	-1.49472075637826	-2.88666819175103	
2015/06/25 15:41:25.197	-0.062745817034938	-0.556778974149105	-1.4976056215293	-2.86467109497441	
2015/06/25 15:41:25.198	-0.0641882496104538	-0.557860798580742	-1.49616318895378	-2.86070440539174	
2015/06/25 15:41:25.199	-0.0641882496104538	-0.557500190436863	-1.49363893194663	-2.827167848011	
2015/06/25 15:41:25.200	-0.0584185193083905	-0.556418366005226	-1.49652379709766	-2.80769500824154	
2015/06/25 15:41:25.201	-0.0685155473370013	-0.56182748816341	-1.49976927039257	-2.839067916759	
2015/06/25 15:41:25.202	-0.0613033844594222	-0.560745663731773	-1.49436014823439	-2.93102299344814	
2015/06/25 15:41:25.203	-0.0616639926033011	-0.560385055587894	-1.49544197266602	-2.98763847203713	
2015/06/25 15:41:25.204	-0.0602215600277853	-0.549566811271526	-1.49291771565887	-3.0276659760077	
2015/06/25 15:41:25.205	-0.0562548704451168	-0.55497593342971	-1.50481778440687	-3.06769347997826	
2015/06/25 15:41:25.206	-0.0674337229053644	-0.555336541573589	-1.49363893194663	-3.14883031235103	
2015/06/25 15:41:25.207	-0.062745817034938	-0.556418366005226	-1.48967224236396	-3.19174268147262	
2015/06/25 15:41:25.208	-0.0638276414665748	-0.561466880019531	-1.49436014823439	-3.21121552124208	
2015/06/25 15:41:25.209	-0.0663518984737275	-0.561466880019531	-1.49363893194663	-3.2195095085513	
2015/06/25 15:41:25.210	-0.0649094658982117	-0.557139582292984	-1.49147528308335	-3.25629153922695	
2015/06/25 15:41:25.211	-0.0631064251788169	-0.561466880019531	-1.49039345865172	-3.24439147047895	
2015/06/25 15:41:25.212	-0.0645488577543327	-0.559303231156258	-1.49039345865172	-3.17046680098376	
2015/06/25 15:41:25.213	-0.0620246007471801	-0.553533500854194	-1.48570555278129	-3.09005118489876	
2015/06/25 15:41:25.214	-0.0616639926033011	-0.56182748816341	-1.49544197266602	-3.06949652069766	
2015/06/25 15:41:25.215	-0.0620246007471801	-0.555336541573589	-1.48642676906905	-3.00927496066987	
2015/06/25 15:41:25.216	-0.0659912903298486	-0.558221406724621	-1.48462372834965	-2.93715333189408	
2015/06/25 15:41:25.217	-0.062385208891059	-0.560385055587894	-1.49436014823439	-2.88847123247042	
2015/06/25 15:41:25.218	-0.0631064251788169	-0.557860798580742	-1.48750859350069	-2.87476812300302	
2015/06/25 15:41:25.219	-0.0649094658982117	-0.560745663731773	-1.48606616092517	-2.86611352754993	
2015/06/25 15:41:25.220	-0.0602215600277853	-0.556057757861347	-1.4839025120619	-2.84123156562228	
2015/06/25 15:41:25.222	-0.062745817034938	-0.555697149717468	-1.48462372834965	-2.91587745140522	
2015/06/25 15:41:25.223	-0.0602215600277853	-0.559303231156258	-1.4889510260762	-3.00891435252599	
2015/06/25 15:41:25.224	-0.0641882496104538	-0.557860798580742	-1.48426312020577	-3.02622354343218	
2015/06/25 15:41:25.225	-0.0638276414665748	-0.558221406724621	-1.4820994713425	-3.07021773698541	
2015/06/25 15:41:25.226	-0.0674337229053644	-0.563269920738926	-1.48714798535681	-3.10736037580495	
2015/06/25 15:41:25.226	-0.0681549391931223	-0.560745663731773	-1.48426312020577	-3.17299105799092	
2015/06/25 15:41:25.227	-0.0616639926033011	-0.560385055587894	-1.48786920164456	-3.18813660003383	
2015/06/25 15:41:25.228	-0.0613033844594222	-0.554615325285831	-1.48318129577414	-3.18957903260935	
2015/06/25 15:41:25.229	-0.0631064251788169	-0.557860798580742	-1.49039345865172	-3.21337917010536	
2015/06/25 15:41:25.230	-0.0645488577543327	-0.564351745170563	-1.48750859350069	-3.22275498184621	
2015/06/25 15:41:25.231	-0.0634670333226959	-0.556778974149105	-1.48570555278129	-3.18597295117056	
2015/06/25 15:41:25.232	-0.0670731147614854	-0.556418366005226	-1.4907540667956	-3.10411490251004	
2015/06/25 15:41:25.233	-0.0699579799125171	-0.564712353314442	-1.48642676906905	-3.05218732979147	
2015/06/25 15:41:25.234	-0.0656306821859696	-0.559303231156258	-1.48678737721293	-3.02658415157606	
2015/06/25 15:41:25.235	-0.0602215600277853	-0.560745663731773	-1.49039345865172	-2.94472610291554	
2015/06/25 15:41:25.236	-0.0649094658982117	-0.556778974149105	-1.48678737721293	-2.87657116372242	
2015/06/25 15:41:25.237	-0.0674337229053644	-0.555697149717468	-1.49291771565887	-2.8682771764132	
2015/06/25 15:41:25.238	-0.0638276414665748	-0.560385055587894	-1.4889510260762	-2.86178622982338	
2015/06/25 15:41:25.239	-0.0699579799125171	-0.560385055587894	-1.49399954009051	-2.84628007963658	
2015/06/25 15:41:25.240	-0.0620246007471801	-0.562188096307289	-1.48931163422008	-2.83690426789573	
2015/06/25 15:41:25.241	-0.0688761554808802	-0.559663839300137	-1.4907540667956	-2.8545740669458	
2015/06/25 15:41:25.242	-0.0649094658982117	-0.558942623012379	-1.49255710751499	-2.98042630915955	
2015/06/25 15:41:25.243	-0.0605821681716643	-0.559663839300137	-1.48642676906905	-3.01684773169133	
2015/06/25 15:41:25.244	-0.0649094658982117	-0.560745663731773	-1.49399954009051	-3.0413690854751	
2015/06/25 15:41:25.245	-0.0620246007471801	-0.55497593342971	-1.4907540667956	-3.13656963545914	
2015/06/25 15:41:25.246	-0.0609427763155432	-0.557139582292984	-1.48570555278129	-3.16686071954497	
2015/06/25 15:41:25.247	-0.062385208891059	-0.559303231156258	-1.49255710751499	-3.20652761537166	
2015/06/25 15:41:25.248	-0.0631064251788169	-0.560745663731773	-1.48786920164456	-3.20797004794717	
2015/06/25 15:41:25.249	-0.0677943310492434	-0.562909312595047	-1.48642676906905	-3.22960653657991	
2015/06/25 15:41:25.250	-0.0641882496104538	-0.561106271875652	-1.49436014823439	-3.24330964604731	
2015/06/25 15:41:25.251	-0.0674337229053644	-0.556057757861347	-1.49291771565887	-3.25088241706877	
null
